 year,easterSunday,maundyThursday,goodFriday,easterSaturday,whitSunday,shroveTuesday,firstDayLent
1700,1700-04-11,1700-04-08,1700-04-09,1700-04-10,1700-05-30,1700-02-23,1700-02-24
1701,1701-03-27,1701-03-24,1701-03-25,1701-03-26,1701-05-15,1701-02-08,1701-02-09
1702,1702-04-16,1702-04-13,1702-04-14,1702-04-15,1702-06-04,1702-02-28,1702-03-01
1703,1703-04-08,1703-04-05,1703-04-06,1703-04-07,1703-05-27,1703-02-20,1703-02-21
1704,1704-03-23,1704-03-20,1704-03-21,1704-03-22,1704-05-11,1704-02-05,1704-02-06
1705,1705-04-12,1705-04-09,1705-04-10,1705-04-11,1705-05-31,1705-02-24,1705-02-25
1706,1706-04-04,1706-04-01,1706-04-02,1706-04-03,1706-05-23,1706-02-16,1706-02-17
1707,1707-04-24,1707-04-21,1707-04-22,1707-04-23,1707-06-12,1707-03-08,1707-03-09
1708,1708-04-08,1708-04-05,1708-04-06,1708-04-07,1708-05-27,1708-02-21,1708-02-22
1709,1709-03-31,1709-03-28,1709-03-29,1709-03-30,1709-05-19,1709-02-12,1709-02-13
1710,1710-04-20,1710-04-17,1710-04-18,1710-04-19,1710-06-08,1710-03-04,1710-03-05
1711,1711-04-05,1711-04-02,1711-04-03,1711-04-04,1711-05-24,1711-02-17,1711-02-18
1712,1712-03-27,1712-03-24,1712-03-25,1712-03-26,1712-05-15,1712-02-09,1712-02-10
1713,1713-04-16,1713-04-13,1713-04-14,1713-04-15,1713-06-04,1713-02-28,1713-03-01
1714,1714-04-01,1714-03-29,1714-03-30,1714-03-31,1714-05-20,1714-02-13,1714-02-14
1715,1715-04-21,1715-04-18,1715-04-19,1715-04-20,1715-06-09,1715-03-05,1715-03-06
1716,1716-04-12,1716-04-09,1716-04-10,1716-04-11,1716-05-31,1716-02-25,1716-02-26
1717,1717-03-28,1717-03-25,1717-03-26,1717-03-27,1717-05-16,1717-02-09,1717-02-10
1718,1718-04-17,1718-04-14,1718-04-15,1718-04-16,1718-06-05,1718-03-01,1718-03-02
1719,1719-04-09,1719-04-06,1719-04-07,1719-04-08,1719-05-28,1719-02-21,1719-02-22
1720,1720-03-31,1720-03-28,1720-03-29,1720-03-30,1720-05-19,1720-02-13,1720-02-14
1721,1721-04-13,1721-04-10,1721-04-11,1721-04-12,1721-06-01,1721-02-25,1721-02-26
1722,1722-04-05,1722-04-02,1722-04-03,1722-04-04,1722-05-24,1722-02-17,1722-02-18
1723,1723-03-28,1723-03-25,1723-03-26,1723-03-27,1723-05-16,1723-02-09,1723-02-10
1724,1724-04-16,1724-04-13,1724-04-14,1724-04-15,1724-06-04,1724-02-29,1724-03-01
1725,1725-04-01,1725-03-29,1725-03-30,1725-03-31,1725-05-20,1725-02-13,1725-02-14
1726,1726-04-21,1726-04-18,1726-04-19,1726-04-20,1726-06-09,1726-03-05,1726-03-06
1727,1727-04-13,1727-04-10,1727-04-11,1727-04-12,1727-06-01,1727-02-25,1727-02-26
1728,1728-03-28,1728-03-25,1728-03-26,1728-03-27,1728-05-16,1728-02-10,1728-02-11
1729,1729-04-17,1729-04-14,1729-04-15,1729-04-16,1729-06-05,1729-03-01,1729-03-02
1730,1730-04-09,1730-04-06,1730-04-07,1730-04-08,1730-05-28,1730-02-21,1730-02-22
1731,1731-03-25,1731-03-22,1731-03-23,1731-03-24,1731-05-13,1731-02-06,1731-02-07
1732,1732-04-13,1732-04-10,1732-04-11,1732-04-12,1732-06-01,1732-02-26,1732-02-27
1733,1733-04-05,1733-04-02,1733-04-03,1733-04-04,1733-05-24,1733-02-17,1733-02-18
1734,1734-04-25,1734-04-22,1734-04-23,1734-04-24,1734-06-13,1734-03-09,1734-03-10
1735,1735-04-10,1735-04-07,1735-04-08,1735-04-09,1735-05-29,1735-02-22,1735-02-23
1736,1736-04-01,1736-03-29,1736-03-30,1736-03-31,1736-05-20,1736-02-14,1736-02-15
1737,1737-04-21,1737-04-18,1737-04-19,1737-04-20,1737-06-09,1737-03-05,1737-03-06
1738,1738-04-06,1738-04-03,1738-04-04,1738-04-05,1738-05-25,1738-02-18,1738-02-19
1739,1739-03-29,1739-03-26,1739-03-27,1739-03-28,1739-05-17,1739-02-10,1739-02-11
1740,1740-04-17,1740-04-14,1740-04-15,1740-04-16,1740-06-05,1740-03-01,1740-03-02
1741,1741-04-02,1741-03-30,1741-03-31,1741-04-01,1741-05-21,1741-02-14,1741-02-15
1742,1742-03-25,1742-03-22,1742-03-23,1742-03-24,1742-05-13,1742-02-06,1742-02-07
1743,1743-04-14,1743-04-11,1743-04-12,1743-04-13,1743-06-02,1743-02-26,1743-02-27
1744,1744-04-05,1744-04-02,1744-04-03,1744-04-04,1744-05-24,1744-02-18,1744-02-19
1745,1745-04-18,1745-04-15,1745-04-16,1745-04-17,1745-06-06,1745-03-02,1745-03-03
1746,1746-04-10,1746-04-07,1746-04-08,1746-04-09,1746-05-29,1746-02-22,1746-02-23
1747,1747-04-02,1747-03-30,1747-03-31,1747-04-01,1747-05-21,1747-02-14,1747-02-15
1748,1748-04-14,1748-04-11,1748-04-12,1748-04-13,1748-06-02,1748-02-27,1748-02-28
1749,1749-04-06,1749-04-03,1749-04-04,1749-04-05,1749-05-25,1749-02-18,1749-02-19
1750,1750-03-29,1750-03-26,1750-03-27,1750-03-28,1750-05-17,1750-02-10,1750-02-11
1751,1751-04-11,1751-04-08,1751-04-09,1751-04-10,1751-05-30,1751-02-23,1751-02-24
1752,1752-04-02,1752-03-30,1752-03-31,1752-04-01,1752-05-21,1752-02-15,1752-02-16
1753,1753-04-22,1753-04-19,1753-04-20,1753-04-21,1753-06-10,1753-03-06,1753-03-07
1754,1754-04-14,1754-04-11,1754-04-12,1754-04-13,1754-06-02,1754-02-26,1754-02-27
1755,1755-03-30,1755-03-27,1755-03-28,1755-03-29,1755-05-18,1755-02-11,1755-02-12
1756,1756-04-18,1756-04-15,1756-04-16,1756-04-17,1756-06-06,1756-03-02,1756-03-03
1757,1757-04-10,1757-04-07,1757-04-08,1757-04-09,1757-05-29,1757-02-22,1757-02-23
1758,1758-03-26,1758-03-23,1758-03-24,1758-03-25,1758-05-14,1758-02-07,1758-02-08
1759,1759-04-15,1759-04-12,1759-04-13,1759-04-14,1759-06-03,1759-02-27,1759-02-28
1760,1760-04-06,1760-04-03,1760-04-04,1760-04-05,1760-05-25,1760-02-19,1760-02-20
1761,1761-03-22,1761-03-19,1761-03-20,1761-03-21,1761-05-10,1761-02-03,1761-02-04
1762,1762-04-11,1762-04-08,1762-04-09,1762-04-10,1762-05-30,1762-02-23,1762-02-24
1763,1763-04-03,1763-03-31,1763-04-01,1763-04-02,1763-05-22,1763-02-15,1763-02-16
1764,1764-04-22,1764-04-19,1764-04-20,1764-04-21,1764-06-10,1764-03-06,1764-03-07
1765,1765-04-07,1765-04-04,1765-04-05,1765-04-06,1765-05-26,1765-02-19,1765-02-20
1766,1766-03-30,1766-03-27,1766-03-28,1766-03-29,1766-05-18,1766-02-11,1766-02-12
1767,1767-04-19,1767-04-16,1767-04-17,1767-04-18,1767-06-07,1767-03-03,1767-03-04
1768,1768-04-03,1768-03-31,1768-04-01,1768-04-02,1768-05-22,1768-02-16,1768-02-17
1769,1769-03-26,1769-03-23,1769-03-24,1769-03-25,1769-05-14,1769-02-07,1769-02-08
1770,1770-04-15,1770-04-12,1770-04-13,1770-04-14,1770-06-03,1770-02-27,1770-02-28
1771,1771-03-31,1771-03-28,1771-03-29,1771-03-30,1771-05-19,1771-02-12,1771-02-13
1772,1772-04-19,1772-04-16,1772-04-17,1772-04-18,1772-06-07,1772-03-03,1772-03-04
1773,1773-04-11,1773-04-08,1773-04-09,1773-04-10,1773-05-30,1773-02-23,1773-02-24
1774,1774-04-03,1774-03-31,1774-04-01,1774-04-02,1774-05-22,1774-02-15,1774-02-16
1775,1775-04-16,1775-04-13,1775-04-14,1775-04-15,1775-06-04,1775-02-28,1775-03-01
1776,1776-04-07,1776-04-04,1776-04-05,1776-04-06,1776-05-26,1776-02-20,1776-02-21
1777,1777-03-30,1777-03-27,1777-03-28,1777-03-29,1777-05-18,1777-02-11,1777-02-12
1778,1778-04-19,1778-04-16,1778-04-17,1778-04-18,1778-06-07,1778-03-03,1778-03-04
1779,1779-04-04,1779-04-01,1779-04-02,1779-04-03,1779-05-23,1779-02-16,1779-02-17
1780,1780-03-26,1780-03-23,1780-03-24,1780-03-25,1780-05-14,1780-02-08,1780-02-09
1781,1781-04-15,1781-04-12,1781-04-13,1781-04-14,1781-06-03,1781-02-27,1781-02-28
1782,1782-03-31,1782-03-28,1782-03-29,1782-03-30,1782-05-19,1782-02-12,1782-02-13
1783,1783-04-20,1783-04-17,1783-04-18,1783-04-19,1783-06-08,1783-03-04,1783-03-05
1784,1784-04-11,1784-04-08,1784-04-09,1784-04-10,1784-05-30,1784-02-24,1784-02-25
1785,1785-03-27,1785-03-24,1785-03-25,1785-03-26,1785-05-15,1785-02-08,1785-02-09
1786,1786-04-16,1786-04-13,1786-04-14,1786-04-15,1786-06-04,1786-02-28,1786-03-01
1787,1787-04-08,1787-04-05,1787-04-06,1787-04-07,1787-05-27,1787-02-20,1787-02-21
1788,1788-03-23,1788-03-20,1788-03-21,1788-03-22,1788-05-11,1788-02-05,1788-02-06
1789,1789-04-12,1789-04-09,1789-04-10,1789-04-11,1789-05-31,1789-02-24,1789-02-25
1790,1790-04-04,1790-04-01,1790-04-02,1790-04-03,1790-05-23,1790-02-16,1790-02-17
1791,1791-04-24,1791-04-21,1791-04-22,1791-04-23,1791-06-12,1791-03-08,1791-03-09
1792,1792-04-08,1792-04-05,1792-04-06,1792-04-07,1792-05-27,1792-02-21,1792-02-22
1793,1793-03-31,1793-03-28,1793-03-29,1793-03-30,1793-05-19,1793-02-12,1793-02-13
1794,1794-04-20,1794-04-17,1794-04-18,1794-04-19,1794-06-08,1794-03-04,1794-03-05
1795,1795-04-05,1795-04-02,1795-04-03,1795-04-04,1795-05-24,1795-02-17,1795-02-18
1796,1796-03-27,1796-03-24,1796-03-25,1796-03-26,1796-05-15,1796-02-09,1796-02-10
1797,1797-04-16,1797-04-13,1797-04-14,1797-04-15,1797-06-04,1797-02-28,1797-03-01
1798,1798-04-08,1798-04-05,1798-04-06,1798-04-07,1798-05-27,1798-02-20,1798-02-21
1799,1799-03-24,1799-03-21,1799-03-22,1799-03-23,1799-05-12,1799-02-05,1799-02-06
1800,1800-04-13,1800-04-10,1800-04-11,1800-04-12,1800-06-01,1800-02-25,1800-02-26
1801,1801-04-05,1801-04-02,1801-04-03,1801-04-04,1801-05-24,1801-02-17,1801-02-18
1802,1802-04-18,1802-04-15,1802-04-16,1802-04-17,1802-06-06,1802-03-02,1802-03-03
1803,1803-04-10,1803-04-07,1803-04-08,1803-04-09,1803-05-29,1803-02-22,1803-02-23
1804,1804-04-01,1804-03-29,1804-03-30,1804-03-31,1804-05-20,1804-02-14,1804-02-15
1805,1805-04-14,1805-04-11,1805-04-12,1805-04-13,1805-06-02,1805-02-26,1805-02-27
1806,1806-04-06,1806-04-03,1806-04-04,1806-04-05,1806-05-25,1806-02-18,1806-02-19
1807,1807-03-29,1807-03-26,1807-03-27,1807-03-28,1807-05-17,1807-02-10,1807-02-11
1808,1808-04-17,1808-04-14,1808-04-15,1808-04-16,1808-06-05,1808-03-01,1808-03-02
1809,1809-04-02,1809-03-30,1809-03-31,1809-04-01,1809-05-21,1809-02-14,1809-02-15
1810,1810-04-22,1810-04-19,1810-04-20,1810-04-21,1810-06-10,1810-03-06,1810-03-07
1811,1811-04-14,1811-04-11,1811-04-12,1811-04-13,1811-06-02,1811-02-26,1811-02-27
1812,1812-03-29,1812-03-26,1812-03-27,1812-03-28,1812-05-17,1812-02-11,1812-02-12
1813,1813-04-18,1813-04-15,1813-04-16,1813-04-17,1813-06-06,1813-03-02,1813-03-03
1814,1814-04-10,1814-04-07,1814-04-08,1814-04-09,1814-05-29,1814-02-22,1814-02-23
1815,1815-03-26,1815-03-23,1815-03-24,1815-03-25,1815-05-14,1815-02-07,1815-02-08
1816,1816-04-14,1816-04-11,1816-04-12,1816-04-13,1816-06-02,1816-02-27,1816-02-28
1817,1817-04-06,1817-04-03,1817-04-04,1817-04-05,1817-05-25,1817-02-18,1817-02-19
1818,1818-03-22,1818-03-19,1818-03-20,1818-03-21,1818-05-10,1818-02-03,1818-02-04
1819,1819-04-11,1819-04-08,1819-04-09,1819-04-10,1819-05-30,1819-02-23,1819-02-24
1820,1820-04-02,1820-03-30,1820-03-31,1820-04-01,1820-05-21,1820-02-15,1820-02-16
1821,1821-04-22,1821-04-19,1821-04-20,1821-04-21,1821-06-10,1821-03-06,1821-03-07
1822,1822-04-07,1822-04-04,1822-04-05,1822-04-06,1822-05-26,1822-02-19,1822-02-20
1823,1823-03-30,1823-03-27,1823-03-28,1823-03-29,1823-05-18,1823-02-11,1823-02-12
1824,1824-04-18,1824-04-15,1824-04-16,1824-04-17,1824-06-06,1824-03-02,1824-03-03
1825,1825-04-03,1825-03-31,1825-04-01,1825-04-02,1825-05-22,1825-02-15,1825-02-16
1826,1826-03-26,1826-03-23,1826-03-24,1826-03-25,1826-05-14,1826-02-07,1826-02-08
1827,1827-04-15,1827-04-12,1827-04-13,1827-04-14,1827-06-03,1827-02-27,1827-02-28
1828,1828-04-06,1828-04-03,1828-04-04,1828-04-05,1828-05-25,1828-02-19,1828-02-20
1829,1829-04-19,1829-04-16,1829-04-17,1829-04-18,1829-06-07,1829-03-03,1829-03-04
1830,1830-04-11,1830-04-08,1830-04-09,1830-04-10,1830-05-30,1830-02-23,1830-02-24
1831,1831-04-03,1831-03-31,1831-04-01,1831-04-02,1831-05-22,1831-02-15,1831-02-16
1832,1832-04-22,1832-04-19,1832-04-20,1832-04-21,1832-06-10,1832-03-06,1832-03-07
1833,1833-04-07,1833-04-04,1833-04-05,1833-04-06,1833-05-26,1833-02-19,1833-02-20
1834,1834-03-30,1834-03-27,1834-03-28,1834-03-29,1834-05-18,1834-02-11,1834-02-12
1835,1835-04-19,1835-04-16,1835-04-17,1835-04-18,1835-06-07,1835-03-03,1835-03-04
1836,1836-04-03,1836-03-31,1836-04-01,1836-04-02,1836-05-22,1836-02-16,1836-02-17
1837,1837-03-26,1837-03-23,1837-03-24,1837-03-25,1837-05-14,1837-02-07,1837-02-08
1838,1838-04-15,1838-04-12,1838-04-13,1838-04-14,1838-06-03,1838-02-27,1838-02-28
1839,1839-03-31,1839-03-28,1839-03-29,1839-03-30,1839-05-19,1839-02-12,1839-02-13
1840,1840-04-19,1840-04-16,1840-04-17,1840-04-18,1840-06-07,1840-03-03,1840-03-04
1841,1841-04-11,1841-04-08,1841-04-09,1841-04-10,1841-05-30,1841-02-23,1841-02-24
1842,1842-03-27,1842-03-24,1842-03-25,1842-03-26,1842-05-15,1842-02-08,1842-02-09
1843,1843-04-16,1843-04-13,1843-04-14,1843-04-15,1843-06-04,1843-02-28,1843-03-01
1844,1844-04-07,1844-04-04,1844-04-05,1844-04-06,1844-05-26,1844-02-20,1844-02-21
1845,1845-03-23,1845-03-20,1845-03-21,1845-03-22,1845-05-11,1845-02-04,1845-02-05
1846,1846-04-12,1846-04-09,1846-04-10,1846-04-11,1846-05-31,1846-02-24,1846-02-25
1847,1847-04-04,1847-04-01,1847-04-02,1847-04-03,1847-05-23,1847-02-16,1847-02-17
1848,1848-04-23,1848-04-20,1848-04-21,1848-04-22,1848-06-11,1848-03-07,1848-03-08
1849,1849-04-08,1849-04-05,1849-04-06,1849-04-07,1849-05-27,1849-02-20,1849-02-21
1850,1850-03-31,1850-03-28,1850-03-29,1850-03-30,1850-05-19,1850-02-12,1850-02-13
1851,1851-04-20,1851-04-17,1851-04-18,1851-04-19,1851-06-08,1851-03-04,1851-03-05
1852,1852-04-11,1852-04-08,1852-04-09,1852-04-10,1852-05-30,1852-02-24,1852-02-25
1853,1853-03-27,1853-03-24,1853-03-25,1853-03-26,1853-05-15,1853-02-08,1853-02-09
1854,1854-04-16,1854-04-13,1854-04-14,1854-04-15,1854-06-04,1854-02-28,1854-03-01
1855,1855-04-08,1855-04-05,1855-04-06,1855-04-07,1855-05-27,1855-02-20,1855-02-21
1856,1856-03-23,1856-03-20,1856-03-21,1856-03-22,1856-05-11,1856-02-05,1856-02-06
1857,1857-04-12,1857-04-09,1857-04-10,1857-04-11,1857-05-31,1857-02-24,1857-02-25
1858,1858-04-04,1858-04-01,1858-04-02,1858-04-03,1858-05-23,1858-02-16,1858-02-17
1859,1859-04-24,1859-04-21,1859-04-22,1859-04-23,1859-06-12,1859-03-08,1859-03-09
1860,1860-04-08,1860-04-05,1860-04-06,1860-04-07,1860-05-27,1860-02-21,1860-02-22
1861,1861-03-31,1861-03-28,1861-03-29,1861-03-30,1861-05-19,1861-02-12,1861-02-13
1862,1862-04-20,1862-04-17,1862-04-18,1862-04-19,1862-06-08,1862-03-04,1862-03-05
1863,1863-04-05,1863-04-02,1863-04-03,1863-04-04,1863-05-24,1863-02-17,1863-02-18
1864,1864-03-27,1864-03-24,1864-03-25,1864-03-26,1864-05-15,1864-02-09,1864-02-10
1865,1865-04-16,1865-04-13,1865-04-14,1865-04-15,1865-06-04,1865-02-28,1865-03-01
1866,1866-04-01,1866-03-29,1866-03-30,1866-03-31,1866-05-20,1866-02-13,1866-02-14
1867,1867-04-21,1867-04-18,1867-04-19,1867-04-20,1867-06-09,1867-03-05,1867-03-06
1868,1868-04-12,1868-04-09,1868-04-10,1868-04-11,1868-05-31,1868-02-25,1868-02-26
1869,1869-03-28,1869-03-25,1869-03-26,1869-03-27,1869-05-16,1869-02-09,1869-02-10
1870,1870-04-17,1870-04-14,1870-04-15,1870-04-16,1870-06-05,1870-03-01,1870-03-02
1871,1871-04-09,1871-04-06,1871-04-07,1871-04-08,1871-05-28,1871-02-21,1871-02-22
1872,1872-03-31,1872-03-28,1872-03-29,1872-03-30,1872-05-19,1872-02-13,1872-02-14
1873,1873-04-13,1873-04-10,1873-04-11,1873-04-12,1873-06-01,1873-02-25,1873-02-26
1874,1874-04-05,1874-04-02,1874-04-03,1874-04-04,1874-05-24,1874-02-17,1874-02-18
1875,1875-03-28,1875-03-25,1875-03-26,1875-03-27,1875-05-16,1875-02-09,1875-02-10
1876,1876-04-16,1876-04-13,1876-04-14,1876-04-15,1876-06-04,1876-02-29,1876-03-01
1877,1877-04-01,1877-03-29,1877-03-30,1877-03-31,1877-05-20,1877-02-13,1877-02-14
1878,1878-04-21,1878-04-18,1878-04-19,1878-04-20,1878-06-09,1878-03-05,1878-03-06
1879,1879-04-13,1879-04-10,1879-04-11,1879-04-12,1879-06-01,1879-02-25,1879-02-26
1880,1880-03-28,1880-03-25,1880-03-26,1880-03-27,1880-05-16,1880-02-10,1880-02-11
1881,1881-04-17,1881-04-14,1881-04-15,1881-04-16,1881-06-05,1881-03-01,1881-03-02
1882,1882-04-09,1882-04-06,1882-04-07,1882-04-08,1882-05-28,1882-02-21,1882-02-22
1883,1883-03-25,1883-03-22,1883-03-23,1883-03-24,1883-05-13,1883-02-06,1883-02-07
1884,1884-04-13,1884-04-10,1884-04-11,1884-04-12,1884-06-01,1884-02-26,1884-02-27
1885,1885-04-05,1885-04-02,1885-04-03,1885-04-04,1885-05-24,1885-02-17,1885-02-18
1886,1886-04-25,1886-04-22,1886-04-23,1886-04-24,1886-06-13,1886-03-09,1886-03-10
1887,1887-04-10,1887-04-07,1887-04-08,1887-04-09,1887-05-29,1887-02-22,1887-02-23
1888,1888-04-01,1888-03-29,1888-03-30,1888-03-31,1888-05-20,1888-02-14,1888-02-15
1889,1889-04-21,1889-04-18,1889-04-19,1889-04-20,1889-06-09,1889-03-05,1889-03-06
1890,1890-04-06,1890-04-03,1890-04-04,1890-04-05,1890-05-25,1890-02-18,1890-02-19
1891,1891-03-29,1891-03-26,1891-03-27,1891-03-28,1891-05-17,1891-02-10,1891-02-11
1892,1892-04-17,1892-04-14,1892-04-15,1892-04-16,1892-06-05,1892-03-01,1892-03-02
1893,1893-04-02,1893-03-30,1893-03-31,1893-04-01,1893-05-21,1893-02-14,1893-02-15
1894,1894-03-25,1894-03-22,1894-03-23,1894-03-24,1894-05-13,1894-02-06,1894-02-07
1895,1895-04-14,1895-04-11,1895-04-12,1895-04-13,1895-06-02,1895-02-26,1895-02-27
1896,1896-04-05,1896-04-02,1896-04-03,1896-04-04,1896-05-24,1896-02-18,1896-02-19
1897,1897-04-18,1897-04-15,1897-04-16,1897-04-17,1897-06-06,1897-03-02,1897-03-03
1898,1898-04-10,1898-04-07,1898-04-08,1898-04-09,1898-05-29,1898-02-22,1898-02-23
1899,1899-04-02,1899-03-30,1899-03-31,1899-04-01,1899-05-21,1899-02-14,1899-02-15
1900,1900-04-15,1900-04-12,1900-04-13,1900-04-14,1900-06-03,1900-02-27,1900-02-28
1901,1901-04-07,1901-04-04,1901-04-05,1901-04-06,1901-05-26,1901-02-19,1901-02-20
1902,1902-03-30,1902-03-27,1902-03-28,1902-03-29,1902-05-18,1902-02-11,1902-02-12
1903,1903-04-12,1903-04-09,1903-04-10,1903-04-11,1903-05-31,1903-02-24,1903-02-25
1904,1904-04-03,1904-03-31,1904-04-01,1904-04-02,1904-05-22,1904-02-16,1904-02-17
1905,1905-04-23,1905-04-20,1905-04-21,1905-04-22,1905-06-11,1905-03-07,1905-03-08
1906,1906-04-15,1906-04-12,1906-04-13,1906-04-14,1906-06-03,1906-02-27,1906-02-28
1907,1907-03-31,1907-03-28,1907-03-29,1907-03-30,1907-05-19,1907-02-12,1907-02-13
1908,1908-04-19,1908-04-16,1908-04-17,1908-04-18,1908-06-07,1908-03-03,1908-03-04
1909,1909-04-11,1909-04-08,1909-04-09,1909-04-10,1909-05-30,1909-02-23,1909-02-24
1910,1910-03-27,1910-03-24,1910-03-25,1910-03-26,1910-05-15,1910-02-08,1910-02-09
1911,1911-04-16,1911-04-13,1911-04-14,1911-04-15,1911-06-04,1911-02-28,1911-03-01
1912,1912-04-07,1912-04-04,1912-04-05,1912-04-06,1912-05-26,1912-02-20,1912-02-21
1913,1913-03-23,1913-03-20,1913-03-21,1913-03-22,1913-05-11,1913-02-04,1913-02-05
1914,1914-04-12,1914-04-09,1914-04-10,1914-04-11,1914-05-31,1914-02-24,1914-02-25
1915,1915-04-04,1915-04-01,1915-04-02,1915-04-03,1915-05-23,1915-02-16,1915-02-17
1916,1916-04-23,1916-04-20,1916-04-21,1916-04-22,1916-06-11,1916-03-07,1916-03-08
1917,1917-04-08,1917-04-05,1917-04-06,1917-04-07,1917-05-27,1917-02-20,1917-02-21
1918,1918-03-31,1918-03-28,1918-03-29,1918-03-30,1918-05-19,1918-02-12,1918-02-13
1919,1919-04-20,1919-04-17,1919-04-18,1919-04-19,1919-06-08,1919-03-04,1919-03-05
1920,1920-04-04,1920-04-01,1920-04-02,1920-04-03,1920-05-23,1920-02-17,1920-02-18
1921,1921-03-27,1921-03-24,1921-03-25,1921-03-26,1921-05-15,1921-02-08,1921-02-09
1922,1922-04-16,1922-04-13,1922-04-14,1922-04-15,1922-06-04,1922-02-28,1922-03-01
1923,1923-04-01,1923-03-29,1923-03-30,1923-03-31,1923-05-20,1923-02-13,1923-02-14
1924,1924-04-20,1924-04-17,1924-04-18,1924-04-19,1924-06-08,1924-03-04,1924-03-05
1925,1925-04-12,1925-04-09,1925-04-10,1925-04-11,1925-05-31,1925-02-24,1925-02-25
1926,1926-04-04,1926-04-01,1926-04-02,1926-04-03,1926-05-23,1926-02-16,1926-02-17
1927,1927-04-17,1927-04-14,1927-04-15,1927-04-16,1927-06-05,1927-03-01,1927-03-02
1928,1928-04-08,1928-04-05,1928-04-06,1928-04-07,1928-05-27,1928-02-21,1928-02-22
1929,1929-03-31,1929-03-28,1929-03-29,1929-03-30,1929-05-19,1929-02-12,1929-02-13
1930,1930-04-20,1930-04-17,1930-04-18,1930-04-19,1930-06-08,1930-03-04,1930-03-05
1931,1931-04-05,1931-04-02,1931-04-03,1931-04-04,1931-05-24,1931-02-17,1931-02-18
1932,1932-03-27,1932-03-24,1932-03-25,1932-03-26,1932-05-15,1932-02-09,1932-02-10
1933,1933-04-16,1933-04-13,1933-04-14,1933-04-15,1933-06-04,1933-02-28,1933-03-01
1934,1934-04-01,1934-03-29,1934-03-30,1934-03-31,1934-05-20,1934-02-13,1934-02-14
1935,1935-04-21,1935-04-18,1935-04-19,1935-04-20,1935-06-09,1935-03-05,1935-03-06
1936,1936-04-12,1936-04-09,1936-04-10,1936-04-11,1936-05-31,1936-02-25,1936-02-26
1937,1937-03-28,1937-03-25,1937-03-26,1937-03-27,1937-05-16,1937-02-09,1937-02-10
1938,1938-04-17,1938-04-14,1938-04-15,1938-04-16,1938-06-05,1938-03-01,1938-03-02
1939,1939-04-09,1939-04-06,1939-04-07,1939-04-08,1939-05-28,1939-02-21,1939-02-22
1940,1940-03-24,1940-03-21,1940-03-22,1940-03-23,1940-05-12,1940-02-06,1940-02-07
1941,1941-04-13,1941-04-10,1941-04-11,1941-04-12,1941-06-01,1941-02-25,1941-02-26
1942,1942-04-05,1942-04-02,1942-04-03,1942-04-04,1942-05-24,1942-02-17,1942-02-18
1943,1943-04-25,1943-04-22,1943-04-23,1943-04-24,1943-06-13,1943-03-09,1943-03-10
1944,1944-04-09,1944-04-06,1944-04-07,1944-04-08,1944-05-28,1944-02-22,1944-02-23
1945,1945-04-01,1945-03-29,1945-03-30,1945-03-31,1945-05-20,1945-02-13,1945-02-14
1946,1946-04-21,1946-04-18,1946-04-19,1946-04-20,1946-06-09,1946-03-05,1946-03-06
1947,1947-04-06,1947-04-03,1947-04-04,1947-04-05,1947-05-25,1947-02-18,1947-02-19
1948,1948-03-28,1948-03-25,1948-03-26,1948-03-27,1948-05-16,1948-02-10,1948-02-11
1949,1949-04-17,1949-04-14,1949-04-15,1949-04-16,1949-06-05,1949-03-01,1949-03-02
1950,1950-04-09,1950-04-06,1950-04-07,1950-04-08,1950-05-28,1950-02-21,1950-02-22
1951,1951-03-25,1951-03-22,1951-03-23,1951-03-24,1951-05-13,1951-02-06,1951-02-07
1952,1952-04-13,1952-04-10,1952-04-11,1952-04-12,1952-06-01,1952-02-26,1952-02-27
1953,1953-04-05,1953-04-02,1953-04-03,1953-04-04,1953-05-24,1953-02-17,1953-02-18
1954,1954-04-18,1954-04-15,1954-04-16,1954-04-17,1954-06-06,1954-03-02,1954-03-03
1955,1955-04-10,1955-04-07,1955-04-08,1955-04-09,1955-05-29,1955-02-22,1955-02-23
1956,1956-04-01,1956-03-29,1956-03-30,1956-03-31,1956-05-20,1956-02-14,1956-02-15
1957,1957-04-21,1957-04-18,1957-04-19,1957-04-20,1957-06-09,1957-03-05,1957-03-06
1958,1958-04-06,1958-04-03,1958-04-04,1958-04-05,1958-05-25,1958-02-18,1958-02-19
1959,1959-03-29,1959-03-26,1959-03-27,1959-03-28,1959-05-17,1959-02-10,1959-02-11
1960,1960-04-17,1960-04-14,1960-04-15,1960-04-16,1960-06-05,1960-03-01,1960-03-02
1961,1961-04-02,1961-03-30,1961-03-31,1961-04-01,1961-05-21,1961-02-14,1961-02-15
1962,1962-04-22,1962-04-19,1962-04-20,1962-04-21,1962-06-10,1962-03-06,1962-03-07
1963,1963-04-14,1963-04-11,1963-04-12,1963-04-13,1963-06-02,1963-02-26,1963-02-27
1964,1964-03-29,1964-03-26,1964-03-27,1964-03-28,1964-05-17,1964-02-11,1964-02-12
1965,1965-04-18,1965-04-15,1965-04-16,1965-04-17,1965-06-06,1965-03-02,1965-03-03
1966,1966-04-10,1966-04-07,1966-04-08,1966-04-09,1966-05-29,1966-02-22,1966-02-23
1967,1967-03-26,1967-03-23,1967-03-24,1967-03-25,1967-05-14,1967-02-07,1967-02-08
1968,1968-04-14,1968-04-11,1968-04-12,1968-04-13,1968-06-02,1968-02-27,1968-02-28
1969,1969-04-06,1969-04-03,1969-04-04,1969-04-05,1969-05-25,1969-02-18,1969-02-19
1970,1970-03-29,1970-03-26,1970-03-27,1970-03-28,1970-05-17,1970-02-10,1970-02-11
1971,1971-04-11,1971-04-08,1971-04-09,1971-04-10,1971-05-30,1971-02-23,1971-02-24
1972,1972-04-02,1972-03-30,1972-03-31,1972-04-01,1972-05-21,1972-02-15,1972-02-16
1973,1973-04-22,1973-04-19,1973-04-20,1973-04-21,1973-06-10,1973-03-06,1973-03-07
1974,1974-04-14,1974-04-11,1974-04-12,1974-04-13,1974-06-02,1974-02-26,1974-02-27
1975,1975-03-30,1975-03-27,1975-03-28,1975-03-29,1975-05-18,1975-02-11,1975-02-12
1976,1976-04-18,1976-04-15,1976-04-16,1976-04-17,1976-06-06,1976-03-02,1976-03-03
1977,1977-04-10,1977-04-07,1977-04-08,1977-04-09,1977-05-29,1977-02-22,1977-02-23
1978,1978-03-26,1978-03-23,1978-03-24,1978-03-25,1978-05-14,1978-02-07,1978-02-08
1979,1979-04-15,1979-04-12,1979-04-13,1979-04-14,1979-06-03,1979-02-27,1979-02-28
1980,1980-04-06,1980-04-03,1980-04-04,1980-04-05,1980-05-25,1980-02-19,1980-02-20
1981,1981-04-19,1981-04-16,1981-04-17,1981-04-18,1981-06-07,1981-03-03,1981-03-04
1982,1982-04-11,1982-04-08,1982-04-09,1982-04-10,1982-05-30,1982-02-23,1982-02-24
1983,1983-04-03,1983-03-31,1983-04-01,1983-04-02,1983-05-22,1983-02-15,1983-02-16
1984,1984-04-22,1984-04-19,1984-04-20,1984-04-21,1984-06-10,1984-03-06,1984-03-07
1985,1985-04-07,1985-04-04,1985-04-05,1985-04-06,1985-05-26,1985-02-19,1985-02-20
1986,1986-03-30,1986-03-27,1986-03-28,1986-03-29,1986-05-18,1986-02-11,1986-02-12
1987,1987-04-19,1987-04-16,1987-04-17,1987-04-18,1987-06-07,1987-03-03,1987-03-04
1988,1988-04-03,1988-03-31,1988-04-01,1988-04-02,1988-05-22,1988-02-16,1988-02-17
1989,1989-03-26,1989-03-23,1989-03-24,1989-03-25,1989-05-14,1989-02-07,1989-02-08
1990,1990-04-15,1990-04-12,1990-04-13,1990-04-14,1990-06-03,1990-02-27,1990-02-28
1991,1991-03-31,1991-03-28,1991-03-29,1991-03-30,1991-05-19,1991-02-12,1991-02-13
1992,1992-04-19,1992-04-16,1992-04-17,1992-04-18,1992-06-07,1992-03-03,1992-03-04
1993,1993-04-11,1993-04-08,1993-04-09,1993-04-10,1993-05-30,1993-02-23,1993-02-24
1994,1994-04-03,1994-03-31,1994-04-01,1994-04-02,1994-05-22,1994-02-15,1994-02-16
1995,1995-04-16,1995-04-13,1995-04-14,1995-04-15,1995-06-04,1995-02-28,1995-03-01
1996,1996-04-07,1996-04-04,1996-04-05,1996-04-06,1996-05-26,1996-02-20,1996-02-21
1997,1997-03-30,1997-03-27,1997-03-28,1997-03-29,1997-05-18,1997-02-11,1997-02-12
1998,1998-04-12,1998-04-09,1998-04-10,1998-04-11,1998-05-31,1998-02-24,1998-02-25
1999,1999-04-04,1999-04-01,1999-04-02,1999-04-03,1999-05-23,1999-02-16,1999-02-17
2000,2000-04-23,2000-04-20,2000-04-21,2000-04-22,2000-06-11,2000-03-07,2000-03-08
2001,2001-04-15,2001-04-12,2001-04-13,2001-04-14,2001-06-03,2001-02-27,2001-02-28
2002,2002-03-31,2002-03-28,2002-03-29,2002-03-30,2002-05-19,2002-02-12,2002-02-13
2003,2003-04-20,2003-04-17,2003-04-18,2003-04-19,2003-06-08,2003-03-04,2003-03-05
2004,2004-04-11,2004-04-08,2004-04-09,2004-04-10,2004-05-30,2004-02-24,2004-02-25
2005,2005-03-27,2005-03-24,2005-03-25,2005-03-26,2005-05-15,2005-02-08,2005-02-09
2006,2006-04-16,2006-04-13,2006-04-14,2006-04-15,2006-06-04,2006-02-28,2006-03-01
2007,2007-04-08,2007-04-05,2007-04-06,2007-04-07,2007-05-27,2007-02-20,2007-02-21
2008,2008-03-23,2008-03-20,2008-03-21,2008-03-22,2008-05-11,2008-02-05,2008-02-06
2009,2009-04-12,2009-04-09,2009-04-10,2009-04-11,2009-05-31,2009-02-24,2009-02-25
2010,2010-04-04,2010-04-01,2010-04-02,2010-04-03,2010-05-23,2010-02-16,2010-02-17
2011,2011-04-24,2011-04-21,2011-04-22,2011-04-23,2011-06-12,2011-03-08,2011-03-09
2012,2012-04-08,2012-04-05,2012-04-06,2012-04-07,2012-05-27,2012-02-21,2012-02-22
2013,2013-03-31,2013-03-28,2013-03-29,2013-03-30,2013-05-19,2013-02-12,2013-02-13
2014,2014-04-20,2014-04-17,2014-04-18,2014-04-19,2014-06-08,2014-03-04,2014-03-05
2015,2015-04-05,2015-04-02,2015-04-03,2015-04-04,2015-05-24,2015-02-17,2015-02-18
2016,2016-03-27,2016-03-24,2016-03-25,2016-03-26,2016-05-15,2016-02-09,2016-02-10
2017,2017-04-16,2017-04-13,2017-04-14,2017-04-15,2017-06-04,2017-02-28,2017-03-01
2018,2018-04-01,2018-03-29,2018-03-30,2018-03-31,2018-05-20,2018-02-13,2018-02-14
2019,2019-04-21,2019-04-18,2019-04-19,2019-04-20,2019-06-09,2019-03-05,2019-03-06
2020,2020-04-12,2020-04-09,2020-04-10,2020-04-11,2020-05-31,2020-02-25,2020-02-26
2021,2021-04-04,2021-04-01,2021-04-02,2021-04-03,2021-05-23,2021-02-16,2021-02-17
2022,2022-04-17,2022-04-14,2022-04-15,2022-04-16,2022-06-05,2022-03-01,2022-03-02
2023,2023-04-09,2023-04-06,2023-04-07,2023-04-08,2023-05-28,2023-02-21,2023-02-22
2024,2024-03-31,2024-03-28,2024-03-29,2024-03-30,2024-05-19,2024-02-13,2024-02-14
2025,2025-04-20,2025-04-17,2025-04-18,2025-04-19,2025-06-08,2025-03-04,2025-03-05
2026,2026-04-05,2026-04-02,2026-04-03,2026-04-04,2026-05-24,2026-02-17,2026-02-18
2027,2027-03-28,2027-03-25,2027-03-26,2027-03-27,2027-05-16,2027-02-09,2027-02-10
2028,2028-04-16,2028-04-13,2028-04-14,2028-04-15,2028-06-04,2028-02-29,2028-03-01
2029,2029-04-01,2029-03-29,2029-03-30,2029-03-31,2029-05-20,2029-02-13,2029-02-14
2030,2030-04-21,2030-04-18,2030-04-19,2030-04-20,2030-06-09,2030-03-05,2030-03-06
2031,2031-04-13,2031-04-10,2031-04-11,2031-04-12,2031-06-01,2031-02-25,2031-02-26
2032,2032-03-28,2032-03-25,2032-03-26,2032-03-27,2032-05-16,2032-02-10,2032-02-11
2033,2033-04-17,2033-04-14,2033-04-15,2033-04-16,2033-06-05,2033-03-01,2033-03-02
2034,2034-04-09,2034-04-06,2034-04-07,2034-04-08,2034-05-28,2034-02-21,2034-02-22
2035,2035-03-25,2035-03-22,2035-03-23,2035-03-24,2035-05-13,2035-02-06,2035-02-07
2036,2036-04-13,2036-04-10,2036-04-11,2036-04-12,2036-06-01,2036-02-26,2036-02-27
2037,2037-04-05,2037-04-02,2037-04-03,2037-04-04,2037-05-24,2037-02-17,2037-02-18
2038,2038-04-25,2038-04-22,2038-04-23,2038-04-24,2038-06-13,2038-03-09,2038-03-10
2039,2039-04-10,2039-04-07,2039-04-08,2039-04-09,2039-05-29,2039-02-22,2039-02-23
2040,2040-04-01,2040-03-29,2040-03-30,2040-03-31,2040-05-20,2040-02-14,2040-02-15
2041,2041-04-21,2041-04-18,2041-04-19,2041-04-20,2041-06-09,2041-03-05,2041-03-06
2042,2042-04-06,2042-04-03,2042-04-04,2042-04-05,2042-05-25,2042-02-18,2042-02-19
2043,2043-03-29,2043-03-26,2043-03-27,2043-03-28,2043-05-17,2043-02-10,2043-02-11
2044,2044-04-17,2044-04-14,2044-04-15,2044-04-16,2044-06-05,2044-03-01,2044-03-02
2045,2045-04-09,2045-04-06,2045-04-07,2045-04-08,2045-05-28,2045-02-21,2045-02-22
2046,2046-03-25,2046-03-22,2046-03-23,2046-03-24,2046-05-13,2046-02-06,2046-02-07
2047,2047-04-14,2047-04-11,2047-04-12,2047-04-13,2047-06-02,2047-02-26,2047-02-27
2048,2048-04-05,2048-04-02,2048-04-03,2048-04-04,2048-05-24,2048-02-18,2048-02-19
2049,2049-04-18,2049-04-15,2049-04-16,2049-04-17,2049-06-06,2049-03-02,2049-03-03
2050,2050-04-10,2050-04-07,2050-04-08,2050-04-09,2050-05-29,2050-02-22,2050-02-23
2051,2051-04-02,2051-03-30,2051-03-31,2051-04-01,2051-05-21,2051-02-14,2051-02-15
2052,2052-04-21,2052-04-18,2052-04-19,2052-04-20,2052-06-09,2052-03-05,2052-03-06
2053,2053-04-06,2053-04-03,2053-04-04,2053-04-05,2053-05-25,2053-02-18,2053-02-19
2054,2054-03-29,2054-03-26,2054-03-27,2054-03-28,2054-05-17,2054-02-10,2054-02-11
2055,2055-04-18,2055-04-15,2055-04-16,2055-04-17,2055-06-06,2055-03-02,2055-03-03
2056,2056-04-02,2056-03-30,2056-03-31,2056-04-01,2056-05-21,2056-02-15,2056-02-16
2057,2057-04-22,2057-04-19,2057-04-20,2057-04-21,2057-06-10,2057-03-06,2057-03-07
2058,2058-04-14,2058-04-11,2058-04-12,2058-04-13,2058-06-02,2058-02-26,2058-02-27
2059,2059-03-30,2059-03-27,2059-03-28,2059-03-29,2059-05-18,2059-02-11,2059-02-12
2060,2060-04-18,2060-04-15,2060-04-16,2060-04-17,2060-06-06,2060-03-02,2060-03-03
2061,2061-04-10,2061-04-07,2061-04-08,2061-04-09,2061-05-29,2061-02-22,2061-02-23
2062,2062-03-26,2062-03-23,2062-03-24,2062-03-25,2062-05-14,2062-02-07,2062-02-08
2063,2063-04-15,2063-04-12,2063-04-13,2063-04-14,2063-06-03,2063-02-27,2063-02-28
2064,2064-04-06,2064-04-03,2064-04-04,2064-04-05,2064-05-25,2064-02-19,2064-02-20
2065,2065-03-29,2065-03-26,2065-03-27,2065-03-28,2065-05-17,2065-02-10,2065-02-11
2066,2066-04-11,2066-04-08,2066-04-09,2066-04-10,2066-05-30,2066-02-23,2066-02-24
2067,2067-04-03,2067-03-31,2067-04-01,2067-04-02,2067-05-22,2067-02-15,2067-02-16
2068,2068-04-22,2068-04-19,2068-04-20,2068-04-21,2068-06-10,2068-03-06,2068-03-07
2069,2069-04-14,2069-04-11,2069-04-12,2069-04-13,2069-06-02,2069-02-26,2069-02-27
2070,2070-03-30,2070-03-27,2070-03-28,2070-03-29,2070-05-18,2070-02-11,2070-02-12
2071,2071-04-19,2071-04-16,2071-04-17,2071-04-18,2071-06-07,2071-03-03,2071-03-04
2072,2072-04-10,2072-04-07,2072-04-08,2072-04-09,2072-05-29,2072-02-23,2072-02-24
2073,2073-03-26,2073-03-23,2073-03-24,2073-03-25,2073-05-14,2073-02-07,2073-02-08
2074,2074-04-15,2074-04-12,2074-04-13,2074-04-14,2074-06-03,2074-02-27,2074-02-28
2075,2075-04-07,2075-04-04,2075-04-05,2075-04-06,2075-05-26,2075-02-19,2075-02-20
2076,2076-04-19,2076-04-16,2076-04-17,2076-04-18,2076-06-07,2076-03-03,2076-03-04
2077,2077-04-11,2077-04-08,2077-04-09,2077-04-10,2077-05-30,2077-02-23,2077-02-24
2078,2078-04-03,2078-03-31,2078-04-01,2078-04-02,2078-05-22,2078-02-15,2078-02-16
2079,2079-04-23,2079-04-20,2079-04-21,2079-04-22,2079-06-11,2079-03-07,2079-03-08
2080,2080-04-07,2080-04-04,2080-04-05,2080-04-06,2080-05-26,2080-02-20,2080-02-21
2081,2081-03-30,2081-03-27,2081-03-28,2081-03-29,2081-05-18,2081-02-11,2081-02-12
2082,2082-04-19,2082-04-16,2082-04-17,2082-04-18,2082-06-07,2082-03-03,2082-03-04
2083,2083-04-04,2083-04-01,2083-04-02,2083-04-03,2083-05-23,2083-02-16,2083-02-17
2084,2084-03-26,2084-03-23,2084-03-24,2084-03-25,2084-05-14,2084-02-08,2084-02-09
2085,2085-04-15,2085-04-12,2085-04-13,2085-04-14,2085-06-03,2085-02-27,2085-02-28
2086,2086-03-31,2086-03-28,2086-03-29,2086-03-30,2086-05-19,2086-02-12,2086-02-13
2087,2087-04-20,2087-04-17,2087-04-18,2087-04-19,2087-06-08,2087-03-04,2087-03-05
2088,2088-04-11,2088-04-08,2088-04-09,2088-04-10,2088-05-30,2088-02-24,2088-02-25
2089,2089-04-03,2089-03-31,2089-04-01,2089-04-02,2089-05-22,2089-02-15,2089-02-16
2090,2090-04-16,2090-04-13,2090-04-14,2090-04-15,2090-06-04,2090-02-28,2090-03-01
2091,2091-04-08,2091-04-05,2091-04-06,2091-04-07,2091-05-27,2091-02-20,2091-02-21
2092,2092-03-30,2092-03-27,2092-03-28,2092-03-29,2092-05-18,2092-02-12,2092-02-13
2093,2093-04-12,2093-04-09,2093-04-10,2093-04-11,2093-05-31,2093-02-24,2093-02-25
2094,2094-04-04,2094-04-01,2094-04-02,2094-04-03,2094-05-23,2094-02-16,2094-02-17
2095,2095-04-24,2095-04-21,2095-04-22,2095-04-23,2095-06-12,2095-03-08,2095-03-09
2096,2096-04-15,2096-04-12,2096-04-13,2096-04-14,2096-06-03,2096-02-28,2096-02-29
2097,2097-03-31,2097-03-28,2097-03-29,2097-03-30,2097-05-19,2097-02-12,2097-02-13
2098,2098-04-20,2098-04-17,2098-04-18,2098-04-19,2098-06-08,2098-03-04,2098-03-05
2099,2099-04-12,2099-04-09,2099-04-10,2099-04-11,2099-05-31,2099-02-24,2099-02-25
2100,2100-03-28,2100-03-25,2100-03-26,2100-03-27,2100-05-16,2100-02-09,2100-02-10
2101,2101-04-17,2101-04-14,2101-04-15,2101-04-16,2101-06-05,2101-03-01,2101-03-02
2102,2102-04-09,2102-04-06,2102-04-07,2102-04-08,2102-05-28,2102-02-21,2102-02-22
2103,2103-03-25,2103-03-22,2103-03-23,2103-03-24,2103-05-13,2103-02-06,2103-02-07
2104,2104-04-13,2104-04-10,2104-04-11,2104-04-12,2104-06-01,2104-02-26,2104-02-27
2105,2105-04-05,2105-04-02,2105-04-03,2105-04-04,2105-05-24,2105-02-17,2105-02-18
2106,2106-04-18,2106-04-15,2106-04-16,2106-04-17,2106-06-06,2106-03-02,2106-03-03
2107,2107-04-10,2107-04-07,2107-04-08,2107-04-09,2107-05-29,2107-02-22,2107-02-23
2108,2108-04-01,2108-03-29,2108-03-30,2108-03-31,2108-05-20,2108-02-14,2108-02-15
2109,2109-04-21,2109-04-18,2109-04-19,2109-04-20,2109-06-09,2109-03-05,2109-03-06
2110,2110-04-06,2110-04-03,2110-04-04,2110-04-05,2110-05-25,2110-02-18,2110-02-19
2111,2111-03-29,2111-03-26,2111-03-27,2111-03-28,2111-05-17,2111-02-10,2111-02-11
2112,2112-04-17,2112-04-14,2112-04-15,2112-04-16,2112-06-05,2112-03-01,2112-03-02
2113,2113-04-02,2113-03-30,2113-03-31,2113-04-01,2113-05-21,2113-02-14,2113-02-15
2114,2114-04-22,2114-04-19,2114-04-20,2114-04-21,2114-06-10,2114-03-06,2114-03-07
2115,2115-04-14,2115-04-11,2115-04-12,2115-04-13,2115-06-02,2115-02-26,2115-02-27
2116,2116-03-29,2116-03-26,2116-03-27,2116-03-28,2116-05-17,2116-02-11,2116-02-12
2117,2117-04-18,2117-04-15,2117-04-16,2117-04-17,2117-06-06,2117-03-02,2117-03-03
2118,2118-04-10,2118-04-07,2118-04-08,2118-04-09,2118-05-29,2118-02-22,2118-02-23
2119,2119-03-26,2119-03-23,2119-03-24,2119-03-25,2119-05-14,2119-02-07,2119-02-08
2120,2120-04-14,2120-04-11,2120-04-12,2120-04-13,2120-06-02,2120-02-27,2120-02-28
2121,2121-04-06,2121-04-03,2121-04-04,2121-04-05,2121-05-25,2121-02-18,2121-02-19
2122,2122-03-29,2122-03-26,2122-03-27,2122-03-28,2122-05-17,2122-02-10,2122-02-11
2123,2123-04-11,2123-04-08,2123-04-09,2123-04-10,2123-05-30,2123-02-23,2123-02-24
2124,2124-04-02,2124-03-30,2124-03-31,2124-04-01,2124-05-21,2124-02-15,2124-02-16
2125,2125-04-22,2125-04-19,2125-04-20,2125-04-21,2125-06-10,2125-03-06,2125-03-07
2126,2126-04-14,2126-04-11,2126-04-12,2126-04-13,2126-06-02,2126-02-26,2126-02-27
2127,2127-03-30,2127-03-27,2127-03-28,2127-03-29,2127-05-18,2127-02-11,2127-02-12
2128,2128-04-18,2128-04-15,2128-04-16,2128-04-17,2128-06-06,2128-03-02,2128-03-03
2129,2129-04-10,2129-04-07,2129-04-08,2129-04-09,2129-05-29,2129-02-22,2129-02-23
2130,2130-03-26,2130-03-23,2130-03-24,2130-03-25,2130-05-14,2130-02-07,2130-02-08
2131,2131-04-15,2131-04-12,2131-04-13,2131-04-14,2131-06-03,2131-02-27,2131-02-28
2132,2132-04-06,2132-04-03,2132-04-04,2132-04-05,2132-05-25,2132-02-19,2132-02-20
2133,2133-04-19,2133-04-16,2133-04-17,2133-04-18,2133-06-07,2133-03-03,2133-03-04
2134,2134-04-11,2134-04-08,2134-04-09,2134-04-10,2134-05-30,2134-02-23,2134-02-24
2135,2135-04-03,2135-03-31,2135-04-01,2135-04-02,2135-05-22,2135-02-15,2135-02-16
2136,2136-04-22,2136-04-19,2136-04-20,2136-04-21,2136-06-10,2136-03-06,2136-03-07
2137,2137-04-07,2137-04-04,2137-04-05,2137-04-06,2137-05-26,2137-02-19,2137-02-20
2138,2138-03-30,2138-03-27,2138-03-28,2138-03-29,2138-05-18,2138-02-11,2138-02-12
2139,2139-04-19,2139-04-16,2139-04-17,2139-04-18,2139-06-07,2139-03-03,2139-03-04
2140,2140-04-03,2140-03-31,2140-04-01,2140-04-02,2140-05-22,2140-02-16,2140-02-17
2141,2141-03-26,2141-03-23,2141-03-24,2141-03-25,2141-05-14,2141-02-07,2141-02-08
2142,2142-04-15,2142-04-12,2142-04-13,2142-04-14,2142-06-03,2142-02-27,2142-02-28
2143,2143-03-31,2143-03-28,2143-03-29,2143-03-30,2143-05-19,2143-02-12,2143-02-13
2144,2144-04-19,2144-04-16,2144-04-17,2144-04-18,2144-06-07,2144-03-03,2144-03-04
2145,2145-04-11,2145-04-08,2145-04-09,2145-04-10,2145-05-30,2145-02-23,2145-02-24
2146,2146-04-03,2146-03-31,2146-04-01,2146-04-02,2146-05-22,2146-02-15,2146-02-16
2147,2147-04-16,2147-04-13,2147-04-14,2147-04-15,2147-06-04,2147-02-28,2147-03-01
2148,2148-04-07,2148-04-04,2148-04-05,2148-04-06,2148-05-26,2148-02-20,2148-02-21
2149,2149-03-30,2149-03-27,2149-03-28,2149-03-29,2149-05-18,2149-02-11,2149-02-12
2150,2150-04-12,2150-04-09,2150-04-10,2150-04-11,2150-05-31,2150-02-24,2150-02-25
2151,2151-04-04,2151-04-01,2151-04-02,2151-04-03,2151-05-23,2151-02-16,2151-02-17
2152,2152-04-23,2152-04-20,2152-04-21,2152-04-22,2152-06-11,2152-03-07,2152-03-08
2153,2153-04-15,2153-04-12,2153-04-13,2153-04-14,2153-06-03,2153-02-27,2153-02-28
2154,2154-03-31,2154-03-28,2154-03-29,2154-03-30,2154-05-19,2154-02-12,2154-02-13
2155,2155-04-20,2155-04-17,2155-04-18,2155-04-19,2155-06-08,2155-03-04,2155-03-05
2156,2156-04-11,2156-04-08,2156-04-09,2156-04-10,2156-05-30,2156-02-24,2156-02-25
2157,2157-03-27,2157-03-24,2157-03-25,2157-03-26,2157-05-15,2157-02-08,2157-02-09
2158,2158-04-16,2158-04-13,2158-04-14,2158-04-15,2158-06-04,2158-02-28,2158-03-01
2159,2159-04-08,2159-04-05,2159-04-06,2159-04-07,2159-05-27,2159-02-20,2159-02-21
2160,2160-03-23,2160-03-20,2160-03-21,2160-03-22,2160-05-11,2160-02-05,2160-02-06
2161,2161-04-12,2161-04-09,2161-04-10,2161-04-11,2161-05-31,2161-02-24,2161-02-25
2162,2162-04-04,2162-04-01,2162-04-02,2162-04-03,2162-05-23,2162-02-16,2162-02-17
2163,2163-04-24,2163-04-21,2163-04-22,2163-04-23,2163-06-12,2163-03-08,2163-03-09
2164,2164-04-08,2164-04-05,2164-04-06,2164-04-07,2164-05-27,2164-02-21,2164-02-22
2165,2165-03-31,2165-03-28,2165-03-29,2165-03-30,2165-05-19,2165-02-12,2165-02-13
2166,2166-04-20,2166-04-17,2166-04-18,2166-04-19,2166-06-08,2166-03-04,2166-03-05
2167,2167-04-05,2167-04-02,2167-04-03,2167-04-04,2167-05-24,2167-02-17,2167-02-18
2168,2168-03-27,2168-03-24,2168-03-25,2168-03-26,2168-05-15,2168-02-09,2168-02-10
2169,2169-04-16,2169-04-13,2169-04-14,2169-04-15,2169-06-04,2169-02-28,2169-03-01
2170,2170-04-01,2170-03-29,2170-03-30,2170-03-31,2170-05-20,2170-02-13,2170-02-14
2171,2171-04-21,2171-04-18,2171-04-19,2171-04-20,2171-06-09,2171-03-05,2171-03-06
2172,2172-04-12,2172-04-09,2172-04-10,2172-04-11,2172-05-31,2172-02-25,2172-02-26
2173,2173-04-04,2173-04-01,2173-04-02,2173-04-03,2173-05-23,2173-02-16,2173-02-17
2174,2174-04-17,2174-04-14,2174-04-15,2174-04-16,2174-06-05,2174-03-01,2174-03-02
2175,2175-04-09,2175-04-06,2175-04-07,2175-04-08,2175-05-28,2175-02-21,2175-02-22
2176,2176-03-31,2176-03-28,2176-03-29,2176-03-30,2176-05-19,2176-02-13,2176-02-14
2177,2177-04-20,2177-04-17,2177-04-18,2177-04-19,2177-06-08,2177-03-04,2177-03-05
2178,2178-04-05,2178-04-02,2178-04-03,2178-04-04,2178-05-24,2178-02-17,2178-02-18
2179,2179-03-28,2179-03-25,2179-03-26,2179-03-27,2179-05-16,2179-02-09,2179-02-10
2180,2180-04-16,2180-04-13,2180-04-14,2180-04-15,2180-06-04,2180-02-29,2180-03-01
2181,2181-04-01,2181-03-29,2181-03-30,2181-03-31,2181-05-20,2181-02-13,2181-02-14
2182,2182-04-21,2182-04-18,2182-04-19,2182-04-20,2182-06-09,2182-03-05,2182-03-06
2183,2183-04-13,2183-04-10,2183-04-11,2183-04-12,2183-06-01,2183-02-25,2183-02-26
2184,2184-03-28,2184-03-25,2184-03-26,2184-03-27,2184-05-16,2184-02-10,2184-02-11
2185,2185-04-17,2185-04-14,2185-04-15,2185-04-16,2185-06-05,2185-03-01,2185-03-02
2186,2186-04-09,2186-04-06,2186-04-07,2186-04-08,2186-05-28,2186-02-21,2186-02-22
2187,2187-03-25,2187-03-22,2187-03-23,2187-03-24,2187-05-13,2187-02-06,2187-02-07
2188,2188-04-13,2188-04-10,2188-04-11,2188-04-12,2188-06-01,2188-02-26,2188-02-27
2189,2189-04-05,2189-04-02,2189-04-03,2189-04-04,2189-05-24,2189-02-17,2189-02-18
2190,2190-04-25,2190-04-22,2190-04-23,2190-04-24,2190-06-13,2190-03-09,2190-03-10
2191,2191-04-10,2191-04-07,2191-04-08,2191-04-09,2191-05-29,2191-02-22,2191-02-23
2192,2192-04-01,2192-03-29,2192-03-30,2192-03-31,2192-05-20,2192-02-14,2192-02-15
2193,2193-04-21,2193-04-18,2193-04-19,2193-04-20,2193-06-09,2193-03-05,2193-03-06
2194,2194-04-06,2194-04-03,2194-04-04,2194-04-05,2194-05-25,2194-02-18,2194-02-19
2195,2195-03-29,2195-03-26,2195-03-27,2195-03-28,2195-05-17,2195-02-10,2195-02-11
2196,2196-04-17,2196-04-14,2196-04-15,2196-04-16,2196-06-05,2196-03-01,2196-03-02
2197,2197-04-09,2197-04-06,2197-04-07,2197-04-08,2197-05-28,2197-02-21,2197-02-22
2198,2198-03-25,2198-03-22,2198-03-23,2198-03-24,2198-05-13,2198-02-06,2198-02-07
2199,2199-04-14,2199-04-11,2199-04-12,2199-04-13,2199-06-02,2199-02-26,2199-02-27
2200,2200-04-06,2200-04-03,2200-04-04,2200-04-05,2200-05-25,2200-02-18,2200-02-19
2201,2201-04-19,2201-04-16,2201-04-17,2201-04-18,2201-06-07,2201-03-03,2201-03-04
2202,2202-04-11,2202-04-08,2202-04-09,2202-04-10,2202-05-30,2202-02-23,2202-02-24
2203,2203-04-03,2203-03-31,2203-04-01,2203-04-02,2203-05-22,2203-02-15,2203-02-16
2204,2204-04-22,2204-04-19,2204-04-20,2204-04-21,2204-06-10,2204-03-06,2204-03-07
2205,2205-04-07,2205-04-04,2205-04-05,2205-04-06,2205-05-26,2205-02-19,2205-02-20
2206,2206-03-30,2206-03-27,2206-03-28,2206-03-29,2206-05-18,2206-02-11,2206-02-12
2207,2207-04-19,2207-04-16,2207-04-17,2207-04-18,2207-06-07,2207-03-03,2207-03-04
2208,2208-04-03,2208-03-31,2208-04-01,2208-04-02,2208-05-22,2208-02-16,2208-02-17
2209,2209-03-26,2209-03-23,2209-03-24,2209-03-25,2209-05-14,2209-02-07,2209-02-08
2210,2210-04-15,2210-04-12,2210-04-13,2210-04-14,2210-06-03,2210-02-27,2210-02-28
2211,2211-03-31,2211-03-28,2211-03-29,2211-03-30,2211-05-19,2211-02-12,2211-02-13
2212,2212-04-19,2212-04-16,2212-04-17,2212-04-18,2212-06-07,2212-03-03,2212-03-04
2213,2213-04-11,2213-04-08,2213-04-09,2213-04-10,2213-05-30,2213-02-23,2213-02-24
2214,2214-03-27,2214-03-24,2214-03-25,2214-03-26,2214-05-15,2214-02-08,2214-02-09
2215,2215-04-16,2215-04-13,2215-04-14,2215-04-15,2215-06-04,2215-02-28,2215-03-01
2216,2216-04-07,2216-04-04,2216-04-05,2216-04-06,2216-05-26,2216-02-20,2216-02-21
2217,2217-03-30,2217-03-27,2217-03-28,2217-03-29,2217-05-18,2217-02-11,2217-02-12
2218,2218-04-12,2218-04-09,2218-04-10,2218-04-11,2218-05-31,2218-02-24,2218-02-25
2219,2219-04-04,2219-04-01,2219-04-02,2219-04-03,2219-05-23,2219-02-16,2219-02-17
2220,2220-04-23,2220-04-20,2220-04-21,2220-04-22,2220-06-11,2220-03-07,2220-03-08
2221,2221-04-15,2221-04-12,2221-04-13,2221-04-14,2221-06-03,2221-02-27,2221-02-28
2222,2222-03-31,2222-03-28,2222-03-29,2222-03-30,2222-05-19,2222-02-12,2222-02-13
2223,2223-04-20,2223-04-17,2223-04-18,2223-04-19,2223-06-08,2223-03-04,2223-03-05
2224,2224-04-11,2224-04-08,2224-04-09,2224-04-10,2224-05-30,2224-02-24,2224-02-25
2225,2225-03-27,2225-03-24,2225-03-25,2225-03-26,2225-05-15,2225-02-08,2225-02-09
2226,2226-04-16,2226-04-13,2226-04-14,2226-04-15,2226-06-04,2226-02-28,2226-03-01
2227,2227-04-08,2227-04-05,2227-04-06,2227-04-07,2227-05-27,2227-02-20,2227-02-21
2228,2228-03-23,2228-03-20,2228-03-21,2228-03-22,2228-05-11,2228-02-05,2228-02-06
2229,2229-04-12,2229-04-09,2229-04-10,2229-04-11,2229-05-31,2229-02-24,2229-02-25
2230,2230-04-04,2230-04-01,2230-04-02,2230-04-03,2230-05-23,2230-02-16,2230-02-17
2231,2231-04-24,2231-04-21,2231-04-22,2231-04-23,2231-06-12,2231-03-08,2231-03-09
2232,2232-04-08,2232-04-05,2232-04-06,2232-04-07,2232-05-27,2232-02-21,2232-02-22
2233,2233-03-31,2233-03-28,2233-03-29,2233-03-30,2233-05-19,2233-02-12,2233-02-13
2234,2234-04-20,2234-04-17,2234-04-18,2234-04-19,2234-06-08,2234-03-04,2234-03-05
2235,2235-04-05,2235-04-02,2235-04-03,2235-04-04,2235-05-24,2235-02-17,2235-02-18
2236,2236-03-27,2236-03-24,2236-03-25,2236-03-26,2236-05-15,2236-02-09,2236-02-10
2237,2237-04-16,2237-04-13,2237-04-14,2237-04-15,2237-06-04,2237-02-28,2237-03-01
2238,2238-04-01,2238-03-29,2238-03-30,2238-03-31,2238-05-20,2238-02-13,2238-02-14
2239,2239-04-21,2239-04-18,2239-04-19,2239-04-20,2239-06-09,2239-03-05,2239-03-06
2240,2240-04-12,2240-04-09,2240-04-10,2240-04-11,2240-05-31,2240-02-25,2240-02-26
2241,2241-04-04,2241-04-01,2241-04-02,2241-04-03,2241-05-23,2241-02-16,2241-02-17
2242,2242-04-17,2242-04-14,2242-04-15,2242-04-16,2242-06-05,2242-03-01,2242-03-02
2243,2243-04-09,2243-04-06,2243-04-07,2243-04-08,2243-05-28,2243-02-21,2243-02-22
2244,2244-03-31,2244-03-28,2244-03-29,2244-03-30,2244-05-19,2244-02-13,2244-02-14
2245,2245-04-13,2245-04-10,2245-04-11,2245-04-12,2245-06-01,2245-02-25,2245-02-26
2246,2246-04-05,2246-04-02,2246-04-03,2246-04-04,2246-05-24,2246-02-17,2246-02-18
2247,2247-03-28,2247-03-25,2247-03-26,2247-03-27,2247-05-16,2247-02-09,2247-02-10
2248,2248-04-16,2248-04-13,2248-04-14,2248-04-15,2248-06-04,2248-02-29,2248-03-01
2249,2249-04-01,2249-03-29,2249-03-30,2249-03-31,2249-05-20,2249-02-13,2249-02-14
2250,2250-04-21,2250-04-18,2250-04-19,2250-04-20,2250-06-09,2250-03-05,2250-03-06
2251,2251-04-13,2251-04-10,2251-04-11,2251-04-12,2251-06-01,2251-02-25,2251-02-26
2252,2252-03-28,2252-03-25,2252-03-26,2252-03-27,2252-05-16,2252-02-10,2252-02-11
2253,2253-04-17,2253-04-14,2253-04-15,2253-04-16,2253-06-05,2253-03-01,2253-03-02
2254,2254-04-09,2254-04-06,2254-04-07,2254-04-08,2254-05-28,2254-02-21,2254-02-22
2255,2255-03-25,2255-03-22,2255-03-23,2255-03-24,2255-05-13,2255-02-06,2255-02-07
2256,2256-04-13,2256-04-10,2256-04-11,2256-04-12,2256-06-01,2256-02-26,2256-02-27
2257,2257-04-05,2257-04-02,2257-04-03,2257-04-04,2257-05-24,2257-02-17,2257-02-18
2258,2258-04-25,2258-04-22,2258-04-23,2258-04-24,2258-06-13,2258-03-09,2258-03-10
2259,2259-04-10,2259-04-07,2259-04-08,2259-04-09,2259-05-29,2259-02-22,2259-02-23
2260,2260-04-01,2260-03-29,2260-03-30,2260-03-31,2260-05-20,2260-02-14,2260-02-15
2261,2261-04-21,2261-04-18,2261-04-19,2261-04-20,2261-06-09,2261-03-05,2261-03-06
2262,2262-04-06,2262-04-03,2262-04-04,2262-04-05,2262-05-25,2262-02-18,2262-02-19
2263,2263-03-29,2263-03-26,2263-03-27,2263-03-28,2263-05-17,2263-02-10,2263-02-11
2264,2264-04-17,2264-04-14,2264-04-15,2264-04-16,2264-06-05,2264-03-01,2264-03-02
2265,2265-04-02,2265-03-30,2265-03-31,2265-04-01,2265-05-21,2265-02-14,2265-02-15
2266,2266-03-25,2266-03-22,2266-03-23,2266-03-24,2266-05-13,2266-02-06,2266-02-07
2267,2267-04-14,2267-04-11,2267-04-12,2267-04-13,2267-06-02,2267-02-26,2267-02-27
2268,2268-04-05,2268-04-02,2268-04-03,2268-04-04,2268-05-24,2268-02-18,2268-02-19
2269,2269-04-18,2269-04-15,2269-04-16,2269-04-17,2269-06-06,2269-03-02,2269-03-03
2270,2270-04-10,2270-04-07,2270-04-08,2270-04-09,2270-05-29,2270-02-22,2270-02-23
2271,2271-04-02,2271-03-30,2271-03-31,2271-04-01,2271-05-21,2271-02-14,2271-02-15
2272,2272-04-21,2272-04-18,2272-04-19,2272-04-20,2272-06-09,2272-03-05,2272-03-06
2273,2273-04-06,2273-04-03,2273-04-04,2273-04-05,2273-05-25,2273-02-18,2273-02-19
2274,2274-03-29,2274-03-26,2274-03-27,2274-03-28,2274-05-17,2274-02-10,2274-02-11
2275,2275-04-18,2275-04-15,2275-04-16,2275-04-17,2275-06-06,2275-03-02,2275-03-03
2276,2276-04-02,2276-03-30,2276-03-31,2276-04-01,2276-05-21,2276-02-15,2276-02-16
2277,2277-04-22,2277-04-19,2277-04-20,2277-04-21,2277-06-10,2277-03-06,2277-03-07
2278,2278-04-14,2278-04-11,2278-04-12,2278-04-13,2278-06-02,2278-02-26,2278-02-27
2279,2279-03-30,2279-03-27,2279-03-28,2279-03-29,2279-05-18,2279-02-11,2279-02-12
2280,2280-04-18,2280-04-15,2280-04-16,2280-04-17,2280-06-06,2280-03-02,2280-03-03
2281,2281-04-10,2281-04-07,2281-04-08,2281-04-09,2281-05-29,2281-02-22,2281-02-23
2282,2282-03-26,2282-03-23,2282-03-24,2282-03-25,2282-05-14,2282-02-07,2282-02-08
2283,2283-04-15,2283-04-12,2283-04-13,2283-04-14,2283-06-03,2283-02-27,2283-02-28
2284,2284-04-06,2284-04-03,2284-04-04,2284-04-05,2284-05-25,2284-02-19,2284-02-20
2285,2285-03-22,2285-03-19,2285-03-20,2285-03-21,2285-05-10,2285-02-03,2285-02-04
2286,2286-04-11,2286-04-08,2286-04-09,2286-04-10,2286-05-30,2286-02-23,2286-02-24
2287,2287-04-03,2287-03-31,2287-04-01,2287-04-02,2287-05-22,2287-02-15,2287-02-16
2288,2288-04-22,2288-04-19,2288-04-20,2288-04-21,2288-06-10,2288-03-06,2288-03-07
2289,2289-04-07,2289-04-04,2289-04-05,2289-04-06,2289-05-26,2289-02-19,2289-02-20
2290,2290-03-30,2290-03-27,2290-03-28,2290-03-29,2290-05-18,2290-02-11,2290-02-12
2291,2291-04-19,2291-04-16,2291-04-17,2291-04-18,2291-06-07,2291-03-03,2291-03-04
2292,2292-04-10,2292-04-07,2292-04-08,2292-04-09,2292-05-29,2292-02-23,2292-02-24
2293,2293-03-26,2293-03-23,2293-03-24,2293-03-25,2293-05-14,2293-02-07,2293-02-08
2294,2294-04-15,2294-04-12,2294-04-13,2294-04-14,2294-06-03,2294-02-27,2294-02-28
2295,2295-04-07,2295-04-04,2295-04-05,2295-04-06,2295-05-26,2295-02-19,2295-02-20
2296,2296-04-19,2296-04-16,2296-04-17,2296-04-18,2296-06-07,2296-03-03,2296-03-04
2297,2297-04-11,2297-04-08,2297-04-09,2297-04-10,2297-05-30,2297-02-23,2297-02-24
2298,2298-04-03,2298-03-31,2298-04-01,2298-04-02,2298-05-22,2298-02-15,2298-02-16
2299,2299-04-16,2299-04-13,2299-04-14,2299-04-15,2299-06-04,2299-02-28,2299-03-01
